google.com	0.8970587843429682
facebook.com	0.8309858786021647
youtube.com	0.5771144190087407
yahoo.com	0.8493150201741305
baidu.com	1.0789473882342313
wikipedia.org	0.9488636178141538
qq.com	0.8414634458370545
twitter.com	0.6972476915722795
amazon.com	0.7837837672390323
linkedin.com	0.830769208761362
live.com	0.8681318387650107
google.co.in	0.9821428738686506
sina.com.cn	0.8305084369059993
hao123.com	0.9672131455095189
blogspot.com	0.8025210160217786
weibo.com	0.6573426662036345
tmall.com	0.8744186024333156
vk.com	0.5088757311303194
wordpress.com	0.8813559616546944
yahoo.co.jp	0.7946428622746345
sohu.com	0.8900523493548163
yandex.ru	0.8395061768367694
ebay.com	0.7391304107454492
google.de	0.846511630124824
bing.com	1.114942528105645
pinterest.com	0.9565217120886303
google.co.uk	1.6328124949068297
163.com	0.853333314259847
360.cn	0.8253967701322534
google.fr	0.5620437971447722
ask.com	0.8819444419149264
instagram.com	1.023809539127422
google.co.jp	0.9008264612625568
tumblr.com	0.9371069036213443
msn.com	0.7439024230683581
google.com.br	0.6413502116920572
mail.ru	0.9760000038146973
microsoft.com	0.8823529411764706
xvideos.com	0.9147286886177731
paypal.com	0.925925930014036
google.ru	0.9378882131984557
soso.com	0.831168807443589
adcash.com	0.8000000046520699
google.es	0.8101265543910334
google.it	0.820175423369697
imdb.com	0.8156028423958829
apple.com	0.9285714285714286
imgur.com	0.6888532482960734
neobux.com	0.7795275636375324
craigslist.org	0.7692307757419731
amazon.co.jp	0.897260289631545
t.co	0.9478260952493419
xhamster.com	1.0
stackoverflow.com	0.8674698902467354
reddit.com	1.0151515370448652
google.com.mx	0.8153846080486591
google.com.hk	0.979274618759735
cnn.com	0.9647577009227145
google.ca	0.858695632174245
fc2.com	0.5310734502849648
go.com	1.1250000116415322
ifeng.com	1.0519480330482827
bbc.co.uk	0.9262295383114039
people.com.cn	0.9127516962161963
blogger.com	1.0263157641568454
aliexpress.com	1.0601851942812301
wordpress.org	1.0000000240826852
alibaba.com	1.006289302140426
gmw.cn	0.8790697607883188
adobe.com	0.9275362649351534
huffingtonpost.com	0.75531913112763
google.com.tr	0.8412698589905471
xinhuanet.com	0.8414633922957013
youku.com	0.9047619371998072
godaddy.com	0.925925909573486
thepiratebay.se	0.9275362320509827
kickass.to	0.8239999961853027
google.com.au	1.071428564793546
amazon.de	0.910447775003081
clkmon.com	0.809322043230259
ebay.de	0.8253967701322534
alipay.com	0.9368421153018349
google.pl	0.9052631478560599
espn.go.com	0.7788461783140372
dailymotion.com	0.750000026296167
about.com	0.8666666666666667
blogspot.in	0.9257425853591634
netflix.com	0.7603305884458257
vimeo.com	0.8809523989734377
dailymail.co.uk	0.955882359644121
redtube.com	1.0
rakuten.co.jp	0.6081871210495314
ebay.co.uk	0.7038626562451348
xnxx.com	0.9538461489555163
china.com	0.5592417064288971
themeforest.net	1.180327895122714
indiatimes.com	1.029411759893512
uol.com.br	0.5390625094587449
livejasmin.com	0.8976377994145454
amazon.co.uk	0.6367521382325648
dropbox.com	0.842105275766281
cnet.com	0.6822429831574209
flickr.com	0.9230769348332634
pixnet.net	0.859296473501692
google.com.ar	0.8356164416370856
aol.com	1.0133333524068198
amazonaws.com	0.5990098948549283
youporn.com	0.8737864118121731
google.com.sa	0.902255642332549
sogou.com	0.8444444338480631
booking.com	0.8648648944712631
buzzfeed.com	0.7832512263200582
slideshare.net	0.95
google.com.eg	0.8796296335133342
google.com.tw	0.8414634213711377
m2newmedia.com	0.940886708764341
ameblo.jp	0.8809523809523809
nytimes.com	0.8571428084860058
weather.com	0.9253731348594756
secureserver.net	0.8124999953433872
globo.com	0.768421072708933
google.nl	0.9162561668345639
onclickads.net	0.9400921785564877
fiverr.com	1.0576923101170528
wikia.com	0.8767123148977745
outbrain.com	0.8000000073359563
yelp.com	0.8846154017460519
flipkart.com	0.8899082315960435
mozilla.org	0.8390243925699373
adf.ly	0.5151515233615214
wikimedia.org	0.9052631478560599
hootsuite.com	0.8281249802093956
google.com.pk	0.8548386954119997
wikihow.com	0.8320000076293945
livejournal.com	0.6385542435160846
answers.com	0.794117666652046
w3schools.com	0.6418604739876681
deviantart.com	0.9246575402864531
blogfa.com	0.8623853207999093
google.co.th	0.9112903292481783
google.co.za	0.9679999923706055
bbc.com	0.7999999943901511
theguardian.com	0.9834710509307595
etsy.com	0.9000000059604645
stumbleupon.com	0.8552036279152039
pconline.com.cn	0.5734597250113994
livedoor.com	0.8775510392751064
gameforge.com	0.9056603765097239
torrentz.eu	0.8673469429957474
badoo.com	0.8632075429790255
files.wordpress.com	0.7878788064881355
avg.com	0.8906250273576013
bankofamerica.com	1.1999999977821527
forbes.com	0.9561403507854653
indeed.com	0.6421052782159102
spiegel.de	0.41155234069763563
hostgator.com	0.26246719225802684
aweber.com	1.284210531335128
ask.fm	0.5361702087077689
foxnews.com	1.0
google.co.ve	0.9527026993284441
chase.com	1.0133333206176758
mediafire.com	0.8136363571340387
sourceforge.net	0.630541871053343
4shared.com	0.7975460146030648
reference.com	0.8671874957799446
naver.com	1.1311474910060502
github.com	1.191489354686642
mailchimp.com	0.8115941778598429
addthis.com	0.8548386954119997
gmail.com	0.9777777989705404
so.com	0.9247311772824932
archive.org	0.9455445704653199
espncricinfo.com	0.8632478515786071
loading-delivery1.com	0.6651583581046819
soundcloud.com	0.6794871807934395
zillow.com	0.9615384380257818
stackexchange.com	0.9146341410227861
google.gr	0.836734702814524
xcar.com.cn	0.6748466277410549
liveinternet.ru	0.9180328246887837
businessinsider.com	0.831168807443589
google.com.co	0.7831325346195988
shutterstock.com	0.7757009464493485
salesforce.com	0.8861788729775393
walmart.com	0.729323314470719
google.co.id	0.987500011920929
ettoday.net	0.8916666706403097
google.be	0.8906250107684173
onet.pl	0.7681159855963386
statcounter.com	1.126213575153349
zol.com.cn	0.8340611468281464
skype.com	0.729927004758713
wix.com	0.8288288009639843
google.com.vn	0.8906250107684173
google.com.my	0.556074774528718
allegro.pl	0.9252336385083705
tripadvisor.com	0.957264937061469
nicovideo.jp	0.6285714285714286
google.com.ng	0.9357798331695499
tube8.com	0.9054053986568883
google.com.ua	0.8794642734550396
java.com	0.7887323650427462
softonic.com	0.9747474746866599
popads.net	1.1764705827354422
wordreference.com	0.7155555619133843
bleacherreport.com	0.9375000209547584
google.se	0.641148315588717
gamer.com.tw	0.7826087256986243
wellsfargo.com	0.8059701221667466
bild.de	0.7715517266628008
pandora.com	0.8295454311469375
weebly.com	0.5477178464696332
mashable.com	0.8285714217594692
google.ro	0.8264462875054595
photobucket.com	0.9885714258466448
wsj.com	0.5755395643965662
google.at	1.0165289296909121
china.com.cn	0.583673467441481
doublepimp.com	0.8363636298613115
amazon.in	1.0
yaolan.com	0.9140625071304385
nba.com	0.8441558389282484
telegraph.co.uk	0.7714285753211196
goo.ne.jp	0.9090909222269191
google.dz	0.9274193477059999
taringa.net	0.9090909222269191
media.tumblr.com	0.8157894901951926
mmbang.com	0.5210727904250003
ups.com	0.9344262141304868
zedo.com	0.5061728483486035
mama.cn	0.8705882465138155
avito.ru	0.5230125502142944
chinaz.com	1.023809539127422
php.net	0.875
warriorforum.com	0.8571428787681252
leboncoin.fr	0.6790123536735387
rt.com	0.7594936846387903
dmm.co.jp	0.8771929934634618
twitch.tv	1.057142870766776
google.com.pe	0.6855895084664727
google.com.ph	0.7853658490064668
coccoc.com	0.8983050802938214
ikea.com	0.6404494099086653
9gag.com	1.1587301599315625
codecanyon.net	1.009615386929914
acesse.com	0.8883495060794596
google.com.sg	0.5957446808510638
infusionsoft.com	0.6790123536735387
suning.com	0.750000018172148
ndtv.com	0.919354839329913
goodreads.com	0.9140624714782466
snapdeal.com	1.5039370134911687
myntra.com	0.8309858786021647
google.ch	0.9127516656097843
marca.com	0.9661017069012501
google.cl	0.8737864118121731
comcast.net	0.8823529439263965
gmx.net	0.8839285548928442
goodgamestudios.com	0.8488371896382733
amazon.fr	0.8711111068725585
usps.com	0.8888889052413294
wp.pl	0.9639639343575667
rediff.com	0.8939394213060815
disqus.com	0.9024390307726567
youyuan.com	1.190839714245685
kaskus.co.id	0.626506033440705
douban.com	0.9062500128056857
google.pt	0.9838709829377088
hurriyet.com.tr	0.794117666652046
usatoday.com	0.885321100666591
rambler.ru	1.026785731771771
meetup.com	0.9387755196375531
fedex.com	0.8608695527781611
bluehost.com	0.838235307007925
tmz.com	0.5129310375391799
goal.com	0.6642335760707104
samsung.com	0.6607142701288876
constantcontact.com	0.4046511650085449
fbcdn.net	0.923913038689608
rutracker.org	0.8769230659191425
bitly.com	1.1311474910060502
mercadolivre.com.br	0.5784313675074887
domaintools.com	0.9112149593621657
uploaded.net	0.8490566114124857
time.com	0.9461077788743922
google.co.kr	0.8592592521950051
google.com.bd	0.8755760349423631
gateable.com	0.7938144094240326
hulu.com	0.5964912251348897
enet.com.cn	0.8826291077184657
washingtonpost.com	0.6960352565415442
reuters.com	0.3386075974675903
nih.gov	1.019900502351507
nbcnews.com	0.9241706202907952
hp.com	0.888888896247487
jabong.com	0.9292929010748343
google.cz	0.9849246136031576
extratorrent.cc	0.8962264231576238
moz.com	0.832618031548058
ign.com	0.935135132557637
olx.in	1.0
ucoz.ru	0.6375000178813934
web.de	0.8472222033658147
milliyet.com.tr	1.0
detik.com	0.9037036895751953
free.fr	1.0048309132561455
4dsply.com	0.8291666706403097
ixxx.com	0.886255909122522
kooora.com	0.8461538461538461
scribd.com	1.0000000112994587
y8.com	0.8131868084362921
ehow.com	0.8529411455339223
icicibank.com	0.8636363833403787
speedtest.net	0.5906040325910518
mobile01.com	1.0319634835924525
github.io	0.9806763239398064
huanqiu.com	0.7600000063578288
pchome.net	0.8153846080486591
zeobit.com	0.9504950266003133
ebay.in	0.9423076867234308
thefreecamsecret.com	0.8468468428799766
mlb.com	0.7894736693506429
varzesh3.com	0.7160493852597624
beeg.com	0.5311355320632424
webmd.com	0.9453124784631658
zendesk.com	0.7484276856874762
repubblica.it	1.7333333378746396
gsmarena.com	0.8787878525158597
youjizz.com	0.5256410268166597
bitauto.com	0.9326923037245429
hdfcbank.com	0.6397515441490119
quikr.com	0.7764705770155963
libero.it	0.5641025641025641
motherless.com	0.866995071230252
orange.fr	0.8944954148005901
goo.gl	0.823529438576484
iqiyi.com	0.728260880410108
xing.com	0.868421052631579
clickbank.com	0.49753695402835263
clicksvenue.com	0.9815668159221904
google.no	0.9139784993098807
amazon.cn	0.9399999856948853
zippyshare.com	0.9133858517532026
daum.net	0.7333333359824287
google.ie	0.7980295397563094
force.com	0.6866359365994239
feedly.com	0.9552238880326578
google.co.hu	0.8697674440783124
ameba.jp	1.044117675417435
cj.com	0.9194312666077324
groupon.com	0.9130434902794498
getresponse.com	1.0322580335043474
americanexpress.com	0.7628865794403696
thefreedictionary.com	0.8593750192085285
histats.com	0.946153842485868
bestbuy.com	1.1083743738223826
google.ae	0.9521530988585865
bloomberg.com	0.7857142857142857
intoday.in	0.9317073124211009
list-manage.com	0.9558823484725468
jrj.com.cn	0.8642857245036534
abril.com.br	0.7788461579241344
wideinfo.org	0.5655737816246247
pof.com	0.9022222306993273
irctc.co.in	0.45652173913043476
xywy.com	1.0090089788220942
rbc.ru	0.9368421153018349
elpais.com	0.6405529873919311
blogspot.mx	0.5963302765337267
gizmodo.com	0.8823529164271378
google.az	0.917355390953469
udn.com	0.6379310142838007
homedepot.com	1.1808510417040252
ci123.com	0.9463414680667039
retailmenot.com	0.6153846330191259
quora.com	0.9076923040243295
target.com	0.7587719293200592
ebay.com.au	0.8169014462874163
lifehacker.com	0.7692307739333053
sharelive.net	0.6978723444837205
jqw.com	0.7333333333333333
lady8844.com	0.8669950829750096
sahibinden.com	0.7808219294405763
xuite.net	0.8680203202341565
ebay.it	0.6729857872921631
techcrunch.com	0.8775510382821095
surveymonkey.com	0.9007633616961659
seznam.cz	1.1564245775082946
trulia.com	0.8692810609271513
subscene.com	0.8858447384688637
b5m.com	0.9666666587193807
okcupid.com	0.9024390243902439
kakaku.com	0.8978723465128148
dell.com	0.7052631629140753
battle.net	1.6043956369294767
capitalone.com	0.6066350828714736
freelancer.com	0.9611650622523644
tinyurl.com	1.0047846958725168
hstpnetwork.com	0.5607476610524736
naukri.com	0.8805970228921334
elmundo.es	0.6849315038666595
odesk.com	0.6237623700440228
intuit.com	0.7857142857142857
xgo.com.cn	0.8028168897421314
hardsextube.com	1.01388887555143
hudong.com	0.7598253180998368
accuweather.com	0.580786021699922
ck101.com	0.7560975527021117
xe.com	0.8636363636363636
privatehomeclips.com	0.926470622781239
tagged.com	0.9591836878678442
google.co.il	0.8899082632019066
istockphoto.com	1.0178571400695107
nydailynews.com	0.9400921572406343
petflow.com	0.8122065632582243
google.dk	0.7570093446490505
engadget.com	0.7477064132891102
sh.st	0.8930232580318007
issuu.com	0.8737864118121731
t-online.de	1.008849527834166
abcnews.go.com	0.8507462999926411
babytree.com	0.7169811327120468
v1.cn	0.7009345763155921
drudgereport.com	0.7719298261983898
snapdo.com	0.7232704467587842
google.cn	0.9191919469234959
google.fi	0.6267942509500867
blackhatworld.com	0.9714285759698778
probux.com	0.8507462697189511
livescore.com	0.8565217308376146
gazeta.pl	0.994285706111363
taboola.com	0.8636363496793532
att.com	0.3264462842893083
w3.org	0.8842592697861428
evernote.com	0.879069771877555
latimes.com	0.8626373742977328
yesky.com	0.9453124960709829
trovigo.com	1.3782051366305055
amazon.it	0.8701298978763407
jimdo.com	0.8571428571428571
joomla.org	0.808823535083487
lefigaro.fr	1.0975609756097562
blogspot.de	0.9033816427346436
lenovo.com	0.5959596142040544
oracle.com	0.7880000019073486
upworthy.com	0.8144796415237481
digg.com	0.9696969625816311
shareasale.com	0.9023255858310434
cntv.cn	0.8510638355435299
ku6.com	0.8663594429034583
ero-advertising.com	0.8247422639869303
eyny.com	0.9203980143172137
lemonde.fr	0.700000007947286
ig.com.br	0.42906573757889116
elance.com	0.9242424245160911
youdao.com	0.9144144308624133
pcbaby.com.cn	0.9019607613976761
pch.com	0.9391304306361986
rapidgator.net	0.8809523811776442
expedia.com	0.9793814384844798
commentcamarche.net	0.7837837756565373
twoo.com	0.95312497089617
clixsense.com	0.8475609888178051
justdial.com	0.6760563440189817
steampowered.com	0.9008264612625568
xda-developers.com	0.852941175439366
4399.com	0.8883720996767975
mercadolibre.com.ar	1.458823512582218
zing.vn	0.5287356320264113
match.com	0.8506493391888523
mywebsearch.com	0.9339622598010139
doubleclick.com	0.9253731513241137
plugrush.com	0.7053140034299795
eazel.com	0.8947368524835947
corriere.it	0.827586226032407
chip.de	0.9142857279096331
timeanddate.com	0.4170403574978618
houzz.com	0.7201834900011349
gc.ca	1.0046948424072777
ria.ru	0.972727277062156
lenta.ru	0.8358208753399289
rednet.cn	0.9295774646310794
bloglovin.com	0.8936170205570587
newegg.com	0.5844748811222108
gutefrage.net	0.9414414437151354
typepad.com	0.8990825773359058
google.sk	0.8582089491160311
kijiji.ca	0.9204545666979366
myfreecams.com	0.8557692304385837
leadpages.net	1.0530303064511388
webmoney.ru	0.8428571224212646
youm7.com	1.111842125489111
2345.com	0.7467811215011473
urbandictionary.com	0.7307692148981717
ning.com	0.8628318529456156
2ch.net	0.6315789358107338
onlinesbi.com	0.7477876179947794
seesaa.net	0.587939698071026
backpage.com	0.9189189006326147
swagbucks.com	0.9694656595526081
citibank.com	0.8902439189269244
delta-search.com	0.7061611451522373
semrush.com	0.9385474783692415
exoclick.com	0.8235294376925794
0427d7.se	0.622641510282729
srv123.com	0.7619047862331888
kinopoisk.ru	0.9299065312273858
eonline.com	0.6901408393949158
siteadvisor.com	1.0
firedrive.com	0.970588263137118
informer.com	0.8848920920072744
who.is	0.8762886554861135
bodybuilding.com	0.7315789523877596
citrixonline.com	0.6755319191433823
voc.com.cn	1.1249999720603232
hatena.ne.jp	0.5727272792295977
tukif.com	0.9130434587306775
bhaskar.com	0.9426229655566445
altervista.org	0.8711111174689399
ebay.fr	0.8472222033658147
steamcommunity.com	0.781395346619362
verizonwireless.com	0.8309859195919348
habrahabr.ru	0.8833333253860474
examiner.com	0.7010309194730439
iplt20.com	0.5809523832230341
vnexpress.net	0.8303571350644438
marketwatch.com	0.908296937366565
shaadi.com	0.8295964143299659
sberbank.ru	0.867647078932363
hubspot.com	0.5999999929357458
likes.com	0.6467889988024059
gigacircle.com	0.917431194667272
yellowpages.com	0.917808231705236
hotels.com	0.8031496070383116
theblaze.com	0.8780487811969618
tabelog.com	0.7357723566992393
movie4k.to	0.5560000038146973
blogspot.jp	0.8235294117647058
iminent.com	0.903508760188682
vice.com	0.8187134548583976
azlyrics.com	0.7763157560389464
9gag.tv	0.9466666645473905
hupu.com	0.8504273408481103
mobile.de	0.6367521447203229
media-fire.org	0.8553191550234531
watchseries.lt	0.8095238149301265
nhl.com	0.45982142448501323
life.com.tw	0.9554455630183981
drtuber.com	0.7767857235039072
blogspot.ru	0.5166666607062022
adultfriendfinder.com	0.7046413508052235
asos.com	0.9083333412806193
pixiv.net	0.6129032340762601
cbssports.com	0.5367965431411402
kompas.com	0.9
hubpages.com	0.7402597418682313
youth.cn	0.533333329593434
cbslocal.com	0.753246742389439
opensiteexplorer.org	0.8347107342753317
gawker.com	0.8082191964255241
ileehoo.com	0.5443037903373176
kayak.com	0.9930555456674394
duckduckgo.com	0.3056478430841384
shopify.com	0.8461538696665267
onlylady.com	0.8099173498352356
as.com	0.8807946904846088
npr.org	0.9930069996527259
sakura.ne.jp	0.5486725565690537
gotomeeting.com	0.8266666571299235
independent.co.uk	0.752808986055085
58.com	0.8045454567128961
ashleyrnadison.com	0.7894736941171157
fifa.com	0.7008928637476448
amazon.es	0.8484848478593242
yandex.com.tr	0.8356164307503924
qone8.com	0.789667887231954
focus.de	0.6875000013304609
moneycontrol.com	0.5478927204815098
monster.com	0.7245283036861779
oneindia.in	0.7176470476038316
slate.com	0.47457627512469647
addmefast.com	0.4708171253152077
mercadolibre.com.mx	0.8185654032208941
stockstar.com	0.8787878712815875
ouedkniss.com	0.7631578980390386
webs.com	0.574468085106383
mysearchresults.com	0.44029850646684154
mgid.com	0.5446808490347355
yoka.com	0.9047618985832568
indianrail.gov.in	0.7283950312038404
macys.com	0.69743589254526
irs.gov	0.47368420942558365
empowernetwork.com	0.9920634995722657
ca.gov	0.5682656743785165
hypergames.net	0.7902621673014956
outlook.com	0.42499999205271405
priceline.com	0.8137651767542194
ya.ru	0.8421052862732697
eventbrite.com	0.8464730363524229
blogspot.gr	0.5062761596432859
cnbc.com	0.7403315008823727
iflscience.com	0.6419753059771331
wiktionary.org	0.8030302929046288
51fanli.com	0.6738197459147616
zoho.com	0.7846153882833627
mirror.co.uk	0.9428571389645947
m-w.com	0.5541666646798452
realtor.com	0.8266666730244955
prntscr.com	0.6931817923202993
agoda.com	0.5802469051012039
foursquare.com	0.629139071854315
vk.me	0.6044444508022733
google.kz	0.8333333299370573
espnfc.com	0.6897959125285246
liveleak.com	0.4000000017029898
google.com.kw	0.41580756641600164
jd.com	0.8698630226465971
r10.net	0.8134328282524733
scoop.it	0.7914893576439391
sfgate.com	0.8285714266251545
chinatimes.com	0.5502183341554436
howstuffworks.com	0.5486486473598996
allrecipes.com	0.7545454502105713
squarespace.com	0.3837638303339851
haber7.com	0.5346153882833627
lequipe.fr	0.850000003973643
usmagazine.com	0.5591397929403848
avast.com	0.5061728335708428
clarin.com	0.7295597639883968
mynet.com	0.7605633448097737
linkbucks.com	0.8055555635273702
blogspot.com.tr	0.5277777803072959
nfl.com	0.8211920644822788
rottentomatoes.com	0.834710744127339
ustream.tv	0.6132075457905654
eastday.com	0.736434103082804
dreamstime.com	0.7867298681554291
all-free-download.com	0.7960000038146973
lockerdome.com	0.5555555532913715
wetransfer.com	0.8487394995023012
etao.com	0.5781249949068297
glassdoor.com	0.9146341410227861
dict.cc	0.6032388749160371
hidemyass.com	0.7959183673469388
europa.eu	0.7857142823353376
worldstarhiphop.com	0.8548386954119997
lowes.com	0.8314606982369481
ehowenespanol.com	0.9294117759255802
viadeo.com	0.8438818548422184
southwest.com	0.7773279431557593
mega.co.nz	0.5614754150821073
terra.com.br	0.5433070877967318
deezer.com	0.8122449018517319
diply.com	0.4773662619676438
123rf.com	0.46976744851400687
virgilio.it	1.3290322672936223
overstock.com	0.5261044118256764
allocine.fr	0.8274111630894541
slickdeals.net	1.1192053113975609
optmd.com	0.634042557249678
news.com.au	0.7628458587790589
wired.com	0.9999999804574936
google.bg	1.1578947607830294
mbc.net	0.7701149163842754
coupons.com	1.056818191157064
lanacion.com.ar	0.7282608686262658
filehippo.com	0.375
over-blog.com	0.6942675047034139
sunporno.com	0.8481012701523429
wunderground.com	1.0263158274489432
people.com	1.0
foxsports.com	0.7923728684709868
jvzoo.com	0.865546216214497
zappos.com	0.8020304524909895
babycenter.com	0.4484536140121402
wow.com	0.8775510204081632
appimat.com	0.8192770995508635
sex.com	0.8491379313445545
persianblog.ir	0.8839285949967349
leo.org	0.7826087121777213
turbobit.net	0.7435897344459235
tomshardware.com	0.7629629770914713
jquery.com	0.5458937340510063
sears.com	0.8852459126920734
vesti.ru	0.5487804899323491
cracked.com	0.712499996026357
theverge.com	0.9428571389645947
google.lk	0.44094488625044836
pixlr.com	0.8285714363565251
spankwire.com	0.40466925438337426
airtel.in	0.6588628757474801
p5w.net	0.5725190881373797
prestashop.com	0.7894736941171157
reverso.net	0.7898832651615453
24h.com.vn	0.6167664855313614
entrepreneur.com	0.5304659593770117
google.co.nz	0.8258064485365345
amung.us	0.773809522345313
pinimg.com	0.6949152610864286
viralnova.com	0.6972111580275393
nike.com	0.5748792188181872
csdn.net	0.9776119614104224
softpedia.com	0.5862069041115682
imageshack.us	0.7573221687200292
aparat.com	0.8170731621036307
templatemonster.com	0.8082191964255241
rightmove.co.uk	0.6805555533709717
renren.com	0.5313807530128577
ancestry.com	0.8656716617079456
narod.ru	0.9583333719659745
kdnet.net	0.7349397804934708
qtrax.com	0.5950920292061298
hespress.com	0.8240000057220459
appledaily.com.tw	0.9166666647188024
heise.de	0.6850393712612987
klikbca.com	0.5180722814273747
popmog.com	0.43457943508745606
interia.pl	0.9105691130978077
tudou.com	0.5418326624351707
streamcloud.eu	0.6680498011104291
sapo.pt	0.5985401473827079
leagueoflegends.com	0.7058823543161394
traidnt.net	0.4979591856197435
idnes.cz	0.7528735536110891
pcmag.com	0.7461538498218243
shopclues.com	0.7948717784129188
systweak.com	0.7419354891429707
gismeteo.ru	0.42805754954533193
mapquest.com	0.825000007947286
milanuncios.com	0.8893442510020763
chron.com	0.901234572625273
majesticseo.com	0.6256983316866246
primewire.ag	0.4354066920147823
gamefaqs.com	0.8674698902467354
ted.com	0.753968259674922
yts.re	0.52558139313099
gfycat.com	0.7112676108954705
qinbei.com	0.7279693513189489
zeroredirect1.com	0.5862068908818412
biblegateway.com	0.8157894773991814
online.sh.cn	0.5739910304792067
jeuxvideo.com	0.7468354460941333
hongkiat.com	0.676348558308568
google.com.ec	0.9288888931274414
sape.ru	0.6774193788211544
s2d6.com	1.0106382876189386
almasryalyoum.com	0.7862595369137707
savefrom.net	0.8695652225421243
amazon.ca	0.6445993020649168
olx.pl	0.6666666582568402
immobilienscout24.de	0.44144143834534755
bongacams.com	1.0365853598258241
mercadolibre.com.ve	0.8053097315258069
linkwithin.com	0.7181818268515847
alarabiya.net	0.8117647030774284
magentocommerce.com	0.32817337214492553
kickstarter.com	1.6771653945376988
getbootstrap.com	0.7545454502105713
nuvid.com	0.8157894816645185
mackolik.com	0.9199999809265137
nifty.com	0.6629213474116201
screencast.com	0.7863636341961947
gap.com	0.8641975156019203
bestblackhatforum.com	0.7777777832285913
google.com.do	0.6231884089686711
buenosearch.com	0.6936937039495048
ibm.com	0.8453608462807733
porn.com	0.9326923037245429
ccb.com	0.7008928562875609
graphicriver.net	0.6612903234076261
fatakat.com	0.9795918317697089
whitepages.com	0.7155172357980193
basecamp.com	0.8881118944078455
tabnak.ir	0.30330330803344674
nikkei.com	1.1502145808124578
imagebam.com	0.9384615421295166
ovh.net	0.7264957309370106
putlocker.bz	0.8995633306434373
nownews.com	0.5631578972465113
autohome.com.cn	0.6094674720662654
tradedoubler.com	0.7552742540478722
smh.com.au	0.5572519037427759
payoneer.com	0.35958904050868007
google.com.ly	0.67953667335239
appisys.com	0.9122806920312523
cam4.com	0.7377777735392252
biglobe.ne.jp	0.6609442012216793
rtbpop.com	0.48230087557323714
icmwebserv.com	0.8663793236336159
novinky.cz	0.9186046724386512
searchengineland.com	0.9563318878677645
welt.de	0.6899563269221363
tutsplus.com	0.6837606879407159
behance.net	0.8749999875823657
sitepoint.com	0.6042553211780305
dafont.com	0.9912663734999645
myfitnesspal.com	0.8185653931610385
gazeta.ru	0.7087719314976743
linternaute.com	0.6108949423561858
bhphotovideo.com	0.6610169411048024
yandex.kz	0.8828124995634425
libertagia.com	0.9637681158168354
distractify.com	0.7749999910593033
instructables.com	0.8340081013474714
subito.it	0.9729729982254891
sahadan.com	0.9677419404457561
united.com	0.8648648944712631
bestadbid.com	0.835616463410472
sky.com	0.8439024366983553
infobae.com	1.0655737663270068
makemytrip.com	0.8786610843600146
staples.com	1.0322580851906504
digikala.com	1.1785714285714286
hm.com	0.61410788426897
fool.com	0.9549549443121322
bravotube.net	0.9153846043806809
android.com	0.6447368455450511
businessweek.com	0.8717948710111157
zulily.com	0.8552631552117023
prothom-alo.com	0.6161971810293964
sporx.com	1.0102040719509322
comcast.com	0.7610619441952624
openadserving.com	0.7012448031798746
skysports.com	0.9480519359882656
zergnet.com	0.7435897522110598
ad4game.com	0.7135135160910117
avira.com	0.9506726499110009
delta.com	0.9928571326392037
nairaland.com	1.423076919550021
ad2games.com	1.1111111195209376
ltn.com.tw	1.02702703355785
zanox.com	0.9330357245017528
keezmovies.com	0.4147286847852527
gumtree.com	0.8849557559467238
foodnetwork.com	0.5258964182405221
google.rs	1.0386740491596984
gazzetta.it	0.7827868782778769
feelcars.com	0.8050541485172675
webhostingtalk.com	1.2477064515171548
mixi.jp	0.549999992052714
nypost.com	0.9379310279056944
dmm.com	0.8063063175296467
thedailybeast.com	0.632958795010001
pingdom.com	0.5774058534414465
letitbit.net	0.6801801744233806
pastebin.com	0.9421487373697021
xtube.com	0.8435114452065194
box.com	0.8956521697666334
jobrapido.com	0.6906779769747055
cy-pr.com	0.9214285782405308
thehindu.com	0.6019417549889841
firstpost.com	0.8888888631337957
mysql.com	0.6106194630516137
disney.go.com	0.6153846067632993
premierleague.com	0.7124463420061894
webssearches.com	0.554307113329021
seekingalpha.com	0.772277230293701
india.com	0.7090163887171809
ticketmaster.com	0.771428565589749
eluniversal.com.mx	0.7261904565925773
500px.com	0.8749999875823657
dantri.com.vn	0.8399999936421713
tistory.com	0.5676855871555145
workercn.cn	0.6309963031132038
abc.es	0.5045454502105713
aizhan.com	0.9826839683416047
nbcsports.com	0.831168807443589
orf.at	0.8884297503155524
indiamart.com	0.9492753759649366
cnmo.com	0.7017543859649122
beytoote.com	0.8394160700807233
keepvid.com	0.7165991977475371
elegantthemes.com	0.7763157560389464
video-one.com	0.9078947408322592
wetter.com	0.8971193413619041
css-tricks.com	0.6125000019868215
nouvelobs.com	0.4845360850081685
woothemes.com	0.6877637266630964
faithtap.com	0.860759495963005
searchengines.ru	0.865546216214497
usbank.com	0.9116279025410496
spotify.com	0.7089552314490194
nokia.com	0.8571428704129078
z5x.net	0.6778242738346132
gamespot.com	0.8895348784825555
careerbuilder.com	0.77777778457033
mystart.com	1.0588235294117647
sexlog.com	1.0423728815271607
104.com.tw	0.8979591840044684
pravda.com.ua	0.5695652236109194
gtmetrix.com	0.8986784059073359
asus.com	0.7834645750961786
picmonkey.com	0.6485355687353036
idealo.de	0.9662162161073692
popcash.net	0.9298245654395266
pr-cy.ru	1.9285714118456354
zimbio.com	1.1734693934648348
state.gov	0.8714285748345512
haberturk.com	0.8446602027145876
wpmudev.org	0.8519999980926514
ubuntu.com	0.9358288746190482
sulekha.com	0.42173912214196246
change.org	0.8484848258617206
bookmyshow.com	0.6707317034167097
nate.com	0.7763157839012278
qianlong.com	0.7972972676909
tripadvisor.co.uk	0.9671052475756556
verizon.com	1.037735858393038
sueddeutsche.de	0.7843137157126817
cbsnews.com	0.9156626730979935
pchome.com.tw	0.9350649347968533
google.hr	2.599999988780302
tinypic.com	0.754807696330565
nationalgeographic.com	0.9280575544504293
weheartit.com	0.5863453906396999
aftonbladet.se	0.37380191902581406
kohls.com	0.5989304695564656
zazzle.com	0.9080459555919365
lacaixa.es	0.6447876501900127
forgeofempires.com	0.7714285753211196
horoscopedays.com	0.9043478240137515
mpnrs.com	0.7563025225236687
pantip.com	0.9133858158329873
ew.com	0.9178081690694686
ezinearticles.com	0.8854625490048644
pornerbros.com	0.5854545506564054
admngronline.com	0.9137931036254597
elegantthemes.com	0.8888888496430329
video-one.com	1.0
wetter.com	1.0517241712415972
css-tricks.com	0.8749999875823657
nouvelobs.com	0.925925930014036
woothemes.com	0.5370370290652224
faithtap.com	0.4818181774832986
searchengines.ru	0.8930232580318007
usbank.com	1.1162790555835351
spotify.com	0.7619047646079203
nokia.com	0.8863636527836489
z5x.net	0.4618181835521351
gamespot.com	0.674698787566833
careerbuilder.com	0.836633654309656
mystart.com	1.2950820030944388
sexlog.com	0.5641025641025641
104.com.tw	0.8813558856292355
pravda.com.ua	0.37885463503576805
gtmetrix.com	0.8208955457572238
asus.com	0.9950980322262912
picmonkey.com	0.970297011239028
idealo.de	0.8749999720603232
popcash.net	1.0327868935754947
pr-cy.ru	0.971962643061177
zimbio.com	0.46835444018492267
state.gov	0.8734177230470667
haberturk.com	1.1525423461697086
wpmudev.org	1.000000017530778
ubuntu.com	0.769585253962536
sulekha.com	1.0399999936421713
change.org	2.0923077143155613
bookmyshow.com	0.9769230622511643
nate.com	0.734177252627818
qianlong.com	0.9146341543194796
tripadvisor.co.uk	0.9333333174387614
verizon.com	0.6057692206293874
sueddeutsche.de	0.6111111151992211
cbsnews.com	0.7339449637607036
pchome.com.tw	0.534722221992266
google.hr	1.0133333524068198
tinypic.com	0.9857819927169564
nationalgeographic.com	1.0506328926734334
weheartit.com	0.8688524647830348
aftonbladet.se	0.8024691452505458
kohls.com	0.8709677481378403
zazzle.com	0.8354430158175333
lacaixa.es	0.9776119262238977
forgeofempires.com	0.8805970228921334
horoscopedays.com	0.5787036998711006
mpnrs.com	0.656565658146843
pantip.com	0.7790697323044555
ew.com	0.5932203353872522
ezinearticles.com	0.7427184391295902
pornerbros.com	0.9512195197594632
admngronline.com	0.49769584924351595
